name,title,content,number,address
ダイドーインドアテニスクラブ,キッズからシニアの方まで！楽しみながら上達できるスクール,準備中です。準備中です。準備中です。準備中です。準備中です。準備中です。準備中です。準備中です。準備中です。準備中です。準備中です。準備中です。準備中です。準備中です。準備中です。準備中です。準備中です。準備中です。,06-1111-1111,〒533-0011 大阪府大阪市東淀川区大桐5-19-44
大阪市立淀川屋内プール,ピカピカの設備で体を動かしませんか？,準備中です。準備中です。準備中です。準備中です。準備中です。準備中です。準備中です。準備中です。準備中です。準備中です。準備中です。準備中です。準備中です。準備中です。準備中です。準備中です。準備中です。準備中です。,06-1111-1111,〒532-0023 大阪府大阪市淀川区十三東2丁目3-1
コナミスポーツクラブ新大阪,準備中です。,準備中です。準備中です。準備中です。準備中です。準備中です。準備中です。準備中です。準備中です。準備中です。準備中です。準備中です。準備中です。準備中です。準備中です。準備中です。準備中です。準備中です。準備中です。,06-1111-1111,〒532-0004 大阪府大阪市淀川区西宮原2-1-3
パシオスポーツクラブ福島,充実の施設と豊富なプログラムが揃ったスポーツクラブです。,準備中です。準備中です。準備中です。準備中です。準備中です。準備中です。準備中です。準備中です。準備中です。準備中です。準備中です。準備中です。準備中です。準備中です。準備中です。準備中です。準備中です。準備中です。,06-1111-1111,〒553-0007 大阪府大阪市福島区大開4-1-145
ゴールドジム大阪中之島,準備中です。,準備中です。準備中です。準備中です。準備中です。準備中です。準備中です。準備中です。準備中です。準備中です。準備中です。準備中です。準備中です。準備中です。準備中です。準備中です。準備中です。準備中です。準備中です。,06-1111-1111,〒553-0003 大阪市福島区福島1-1-51
Feliz(フェリーズ)パーソナルトレーニング・ダイエットジム梅田店,低価格で通いやすいパーソナルトレーニング・ダイエットジムに挑戦！,準備中です。準備中です。準備中です。準備中です。準備中です。準備中です。準備中です。準備中です。準備中です。準備中です。準備中です。準備中です。準備中です。準備中です。準備中です。準備中です。準備中です。準備中です。,06-1111-1111,〒530-0014 大阪府大阪市北区鶴野町4-11 朝日プラザ梅田1102号室
ブリヂストンスイミングスクール 旭,赤ちゃんからご高齢の方、全く泳げない人から競泳選手、さまざまなレベルやニーズに対応できる豊富なプログラムを実施しています。,準備中です。準備中です。準備中です。準備中です。準備中です。準備中です。準備中です。準備中です。準備中です。準備中です。準備中です。準備中です。準備中です。準備中です。準備中です。準備中です。準備中です。準備中です。,06-1111-1111,〒535-0002 大阪府大阪市旭区大宮1-1-5
フットサル プラスカステロ,準備中です。,準備中です。準備中です。準備中です。準備中です。準備中です。準備中です。準備中です。準備中です。準備中です。準備中です。準備中です。準備中です。準備中です。準備中です。準備中です。準備中です。準備中です。準備中です。,06-1111-1111,〒535-0031 大阪府大阪市旭区高殿4丁目-3-3
Juke.Golf.Club,準備中です,準備中です。準備中です。準備中です。準備中です。準備中です。準備中です。準備中です。準備中です。準備中です。準備中です。準備中です。準備中です。準備中です。準備中です。準備中です。準備中です。準備中です。準備中です。,06-1111-1111,〒542-0075 大阪府大阪市中央区難波千日前7-8
ミズノテニスプラザ舞洲,準備中です,準備中です。準備中です。準備中です。準備中です。準備中です。準備中です。準備中です。準備中です。準備中です。準備中です。準備中です。準備中です。準備中です。準備中です。準備中です。準備中です。準備中です。準備中です。,06-1111-1111,〒554-0042 大阪府大阪市此花区北港緑地2-3-125
総合スポーツクラブ ニッコースポーツ,おとなからこどもまで楽しめるアットホームなスポーツクラブ！,準備中です。準備中です。準備中です。準備中です。準備中です。準備中です。準備中です。準備中です。準備中です。準備中です。準備中です。準備中です。準備中です。準備中です。準備中です。準備中です。準備中です。準備中です。,06-1111-1111,〒547-0041 大阪府大阪市平野区平野北2-1-56
Real-ize（リアル アイズ）,準備中です。,準備中です。準備中です。準備中です。準備中です。準備中です。準備中です。準備中です。準備中です。準備中です。準備中です。準備中です。準備中です。準備中です。準備中です。準備中です。準備中です。準備中です。準備中です。,06-1111-1111,〒547-0027 大阪府大阪市平野区喜連1-1-67
ボディビルジム ソティックジム,準備中です。,準備中です。準備中です。準備中です。準備中です。準備中です。準備中です。準備中です。準備中です。準備中です。準備中です。準備中です。準備中です。準備中です。準備中です。準備中です。準備中です。準備中です。準備中です。,06-1111-1111,〒545-0005 大阪市阿倍野区三明町1丁目14番20号
FiT24(フィット24) 城東古市店,“満足をそろえた”24時間トレーニングジム。,準備中です。準備中です。準備中です。準備中です。準備中です。準備中です。準備中です。準備中です。準備中です。準備中です。準備中です。準備中です。準備中です。準備中です。準備中です。準備中です。準備中です。準備中です。,06-1111-1111,〒536-0001 大阪府大阪市城東区古市1-21-25
キックボクシング専門パーソナルトレーニングジムSTYLE 天満橋店,準備中です。,準備中です。準備中です。準備中です。準備中です。準備中です。準備中です。準備中です。準備中です。準備中です。準備中です。準備中です。準備中です。準備中です。準備中です。準備中です。準備中です。準備中です。準備中です。,06-1111-1111,〒540-0012 大阪府大阪市中央区谷町1-6-5
今福阪奈ゴルフガーデン,準備中です。,準備中です。準備中です。準備中です。準備中です。準備中です。準備中です。準備中です。準備中です。準備中です。準備中です。準備中です。準備中です。準備中です。準備中です。準備中です。準備中です。準備中です。準備中です。,06-1111-1111,〒536-0002 大阪府大阪市城東区今福東1丁目5番22号
美・BODY・ヨガ Venus（ヴィーナス）,準備中です,準備中です。準備中です。準備中です。準備中です。準備中です。準備中です。準備中です。準備中です。準備中です。準備中です。準備中です。準備中です。準備中です。準備中です。準備中です。準備中です。準備中です。準備中です。,06-1111-1111,〒536-0005 大阪府大阪市城東区中央1-8-24
総合格闘技スタジオSTYLE,準備中です。,準備中です。準備中です。準備中です。準備中です。準備中です。準備中です。準備中です。準備中です。準備中です。準備中です。準備中です。準備中です。準備中です。準備中です。準備中です。準備中です。準備中です。準備中です。,06-1111-1111,〒536-0008 大阪府大阪市城東区関目3-13-10